[
  {
    "reviewId": 1,
    "userId": "gkadsf",
    "writeTime": "1시간 전",
    "score": "★★★★★ 5",
    "content": "크림이 넉넉하고 엄청 엄청 블라 블라 맛있어요 !!!",
    "reviewImg": "./burger.png"
  },
  {
    "reviewId": 2,
    "userId": "lesasdf",
    "writeTime": "1시간 전",
    "score": "★★★★★ 5",
    "content": "발해이 넉넉함",
    "reviewImg": "./testMenu.jpg"
  },
  {
    "reviewId": 3,
    "userId": "lesasdf",
    "writeTime": "1시간 전",
    "score": "★★★★★ 5",
    "content": "치즈이 넉넉함",
    "reviewImg": "./testMenu.jpg"
  },
  {
    "reviewId": 4,
    "userId": "lesasdf",
    "writeTime": "1시간 전",
    "score": "★★★★★ 5",
    "content": "크림이 넉넉함",
    "reviewImg": "./testMenu.jpg"
  }
]
