[
  {
    "title": "프로젝트 소개",
    "path": "/projectinfo"
  },
  {
    "title": "기획의도",
    "path": "/projectinfo"
  },
  {
    "title": "핵심기능",
    "path": "/projectinfo"
  },
  {
    "title": "기술스택",
    "path": "/projectinfo"
  },
  {
    "title": "진행일정",
    "path": "/projectinfo"
  },
  {
    "title": "IA 명세서",
    "path": "/projectinfo"
  },
  {
    "title": "API 명세서",
    "path": "/projectinfo"
  },
  {
    "title": "문제해결 과정",
    "path": "/projectinfo"
  },
  {
    "title": "성과지표",
    "path": "/projectinfo"
  },
  {
    "title": "향후 개선방향",
    "path": "/projectinfo"
  }
]
