[
  {
    "userId": "lestds",
    "writeTime": "1시간 전",
    "score": "★ 5",
    "content": "크림이 넉넉함",
    "reviewImg": "./testMenu.jpg"
  },
  {
    "userId": "lesasdf",
    "writeTime": "1시간 전",
    "score": "★ 5",
    "content": "크림이 넉넉함",
    "reviewImg": "./testMenu.jpg"
  },
  {
    "userId": "lesasdf",
    "writeTime": "1시간 전",
    "score": "★ 5",
    "content": "크림이 넉넉함",
    "reviewImg": "./testMenu.jpg"
  }
]
