[
  {
    "id": 1,
    "image": "https://picsum.photos/100/",
    "title": "히야짬뽕-3호점",
    "rating": 4.8,
    "reviews": 11643,
    "price": "38,400원"
  },
  {
    "id": 2,
    "image": "https://picsum.photos/100/",
    "title": "히야짬뽕-3호점",
    "rating": 4.8,
    "reviews": 11643,
    "price": "38,400원"
  },
  {
    "id": 3,
    "image": "https://picsum.photos/100/",
    "title": "히야짬뽕-3호점",
    "rating": 4.8,
    "reviews": 11643,
    "price": "38,400원"
  },
  {
    "id": 4,
    "image": "https://picsum.photos/100/",
    "title": "히야짬뽕-3호점",
    "rating": 4.8,
    "reviews": 11643,
    "price": "38,400원"
  },
  {
    "id": 5,
    "image": "https://picsum.photos/100/",
    "title": "히야짬뽕-3호점",
    "rating": 4.8,
    "reviews": 11643,
    "price": "38,400원"
  },
  {
    "id": 6,
    "image": "https://picsum.photos/100/",
    "title": "히야짬뽕-3호점",
    "rating": 4.8,
    "reviews": 11643,
    "price": "38,400원"
  },
  {
    "id": 7,
    "image": "https://picsum.photos/100/",
    "title": "히야짬뽕-3호점",
    "rating": 4.8,
    "reviews": 11643,
    "price": "38,400원"
  },
  {
    "id": 8,
    "image": "https://picsum.photos/100/",
    "title": "히야짬뽕-3호점",
    "rating": 4.8,
    "reviews": 11643,
    "price": "38,400원"
  },
  {
    "id": 9,
    "image": "https://picsum.photos/100/",
    "title": "히야짬뽕-3호점",
    "rating": 4.8,
    "reviews": 11643,
    "price": "38,400원"
  }
]
